tag,seed,version,KL spread vs real,KL returns vs real,Zero returns (%),Vol clustering: ACF |ret| lag 1,Any invariant broken (%),real zero returns (%),real ACF lag 1
control (trial 2),0,raw,0.15982322067517063,0.5965406200898141,5.314442850310856,0.45217043,0.0,36.58536585365854,0.10290421
control (trial 2),0,snapped,0.15982322067517063,0.5657160101488946,5.978000956480153,0.42658123,0.0,36.58536585365854,0.10290421
control (trial 2),1,raw,0.11839646228120337,0.5054932078109138,6.5160210425633664,0.3763911,0.0,36.58536585365854,0.10290421
control (trial 2),1,snapped,0.11839646228120337,0.4999091725468072,6.5160210425633664,0.36478883,0.0,36.58536585365854,0.10290421
control (trial 2),2,raw,0.18294720843567744,0.36506734179247957,10.312051649928264,0.5361495,0.0,36.58536585365854,0.10290421
control (trial 2),2,snapped,0.18294720843567744,0.3456040961709458,11.459827833572453,0.5198155,0.0,36.58536585365854,0.10290421
lrj1e-4,0,raw,0.27959071856486484,0.4996268133837318,7.825203252032519,0.15325117,0.0,36.58536585365854,0.10290421
lrj1e-4,0,snapped,0.27959071856486484,0.5025038402583079,7.687709230033477,0.14513294,0.0,36.58536585365854,0.10290421
lrj1e-4,1,raw,0.1917215621603755,0.5835416219775063,7.855093256814921,0.510274,0.0,36.58536585365854,0.10290421
lrj1e-4,1,snapped,0.1917215621603755,0.5526183846014596,8.674079387852702,0.47928783,0.0,36.58536585365854,0.10290421
lrj1e-4,2,raw,0.3084867915488049,0.3794443125165251,10.92180774748924,0.53044575,0.0,36.58536585365854,0.10290421
lrj1e-4,2,snapped,0.3084867915488049,0.4349981488772205,9.230033476805357,0.50433636,0.0,36.58536585365854,0.10290421
ae10k,0,raw,0.12438815960061532,0.5507203130051689,5.631276901004304,0.34156075,0.0,36.58536585365854,0.10290421
ae10k,0,snapped,0.12438815960061532,0.5340972945947264,5.88235294117647,0.32970673,0.0,36.58536585365854,0.10290421
ae10k,1,raw,0.08516807284098815,0.49953575311073717,6.444285031085604,0.20460786,0.0,36.58536585365854,0.10290421
ae10k,1,snapped,0.08516807284098815,0.5211995895652672,6.211142993782879,0.19423218,0.0,36.58536585365854,0.10290421
ae10k,2,raw,0.12060895161991536,0.5037565189346861,6.163318986131038,0.19710879,0.0,36.58536585365854,0.10290421
ae10k,2,snapped,0.12060895161991536,0.5117290606596148,6.049736967957915,0.19013876,0.0,36.58536585365854,0.10290421
len60,0,raw,0.13573065745080637,0.5173687514103785,8.373676248108925,0.600766,0.0,36.08421583459405,0.101543754
len60,0,snapped,0.13573065745080637,0.5319064131623876,12.773575390821987,0.53938764,0.0,36.08421583459405,0.101543754
len60,1,raw,0.21311230903890638,0.445625768403083,7.400403429147756,0.45250404,0.0,36.08421583459405,0.101543754
len60,1,snapped,0.21311230903890638,0.4438791268607664,7.246596066565809,0.43667886,0.0,36.08421583459405,0.101543754
len60,2,raw,0.07971499719256911,0.5316112010413325,6.487644982349974,0.4519515,0.0,36.08421583459405,0.101543754
len60,2,snapped,0.07971499719256911,0.5476961417088053,6.119515885022693,0.42588353,0.0,36.08421583459405,0.101543754
lvl5,0,raw,0.09701503477207674,0.5387621478494973,5.7926829268292686,0.067013584,0.0,36.58536585365854,0.10290421
lvl5,0,snapped,0.09701503477207674,0.5286591597531679,5.906264945002391,0.06411823,0.0,36.58536585365854,0.10290421
lvl5,1,raw,0.15294665076996836,0.29514459195036985,11.005499760879962,0.35225713,0.0,36.58536585365854,0.10290421
lvl5,1,snapped,0.15294665076996836,0.2949074954954028,11.101147776183645,0.3430864,0.0,36.58536585365854,0.10290421
lvl5,2,raw,0.15405279531635221,0.4493205676279911,7.436633189861311,0.15567264,0.0,36.58536585365854,0.10290421
lvl5,2,snapped,0.15405279531635221,0.482189514842513,6.743185078909613,0.15084253,0.0,36.58536585365854,0.10290421
